{
  "_format": "hh-sol-cache-2",
  "files": {
    "/home/fcs/sodium/smart_contract/contracts/Registry.sol": {
      "lastModificationDate": 1756029483274,
      "contentHash": "724f1a466f65a8f7e3e5235b0a259445",
      "sourceName": "contracts/Registry.sol",
      "solcConfig": {
        "version": "0.8.28",
        "settings": {
          "evmVersion": "paris",
          "optimizer": {
            "enabled": false,
            "runs": 200
          },
          "outputSelection": {
            "*": {
              "*": [
                "abi",
                "evm.bytecode",
                "evm.deployedBytecode",
                "evm.methodIdentifiers",
                "metadata"
              ],
              "": [
                "ast"
              ]
            }
          }
        }
      },
      "imports": [],
      "versionPragmas": [
        "^0.8.28"
      ],
      "artifacts": [
        "Registry"
      ]
    }
  }
}
